norm_means_everyone,V2,nat_means_everyone,V4,log_cv_everyone,PD_everyone,PD_everyone_Mc
,,,,,,
3.382,1.50197400973716,90.9182916408269,265.753602185103,0.465827893210466,,0.691859830943754
3.91913657948577,1.52454302879199,161.215335449991,491.357135964126,0.48399091640996,,0.697815848474036
4.43730581443201,1.54504403836841,279.661175508303,885.239741556248,0.500428723911489,,0.69958856414285
4.9327381611503,1.56426469944893,473.316666104013,1551.63423105644,0.515637555312577,,0.70428595861231
5.40656264422466,1.58235330032153,782.560441621322,2649.94621876984,0.529719169363932,,0.712047525801255
5.85978736807799,1.59952750687366,1265.45764197628,4415.83167708198,0.542764897757389,,0.717165561612802
6.29318612716808,1.6161679916259,2003.56018058715,7189.01014788823,0.554866704862778,,0.726930851732162
6.70725271252761,1.6329218148495,3108.78215668857,11447.4744585238,0.56611939264191,,0.724609983302439
7.10212585297738,1.65085492496809,4731.13757560638,17847.9795741111,0.57662348327689,,0.72813780951912
7.47747930087307,1.67165991625497,7066.84225577072,27271.8378451723,0.586489008756021,,0.73734122404371
7.83237476187944,1.69790812628946,10365.8216499051,40873.7039774192,0.595840263011725,,0.734324318032247
8.16508031960819,1.7332994595889,14936.9850049283,60129.0604525571,0.604821472812265,,0.745122108406546
8.47286671873318,1.782803546745,21148.6927593349,86873.3736055231,0.613603159079015,,0.746882476038184
8.75181026025282,1.85251571455114,29420.7130215075,123322.366634117,0.622388656718662,,0.754500308706365
8.99665520638085,1.9490242816576,40202.8874128496,172058.869329452,0.631419818961646,,0.756472516105846
9.20081854152756,2.07818796725525,53935.3118597424,235968.247253016,0.640980372440994,,0.759669867930397
9.3566471294372,2.24348678149346,70986.1572446804,318103.527079672,0.65139481774996,,0.769206918160729
9.45604288532164,2.44440505826962,91567.7109097198,421466.233163661,0.663020428303942,,0.777198411072915
9.49152694055106,2.6754015250259,115639.81022596,548703.270077874,0.676230178157917,,0.781681916458077
9.4576927900196,2.92585103667107,142821.624998287,701745.657520894,0.691385763762976,,0.793780172664532
9.35280586206223,3.18106827550066,172343.142070117,881447.553737339,0.708802470304953,,0.811014570556873
9.18011071950801,3.4242826828709,203068.617001818,1087311.10154426,0.728711011174464,,0.821721467700247
8.94833580671919,3.63920608336468,233608.445000865,1317385.41203856,0.751224311434103,,0.836936125761168
8.67105433807837,3.81261245466384,262504.717232333,1568392.89170902,0.776317753196171,,0.855046739788205
8.36495270341862,3.93626023933673,288443.303955685,1836069.32131565,0.803828612569348,,0.866823713554901
8.04748379286165,4.00766636521438,310431.433572757,2115634.9831124,0.833475049216114,,0.883618134890406
7.73459405475675,4.02964654518232,327894.289810745,2402278.30276905,0.864889465169499,,0.896346835162381
7.43910049116476,4.00895097266101,340678.028187229,2691547.05267687,0.897657851476474,,0.911900408922451
7.16996357299749,3.95453437284495,348979.417975556,2979591.3642723,0.931356892892875,,0.922216549971205
6.93236584128051,3.8759518685519,353238.570656901,3263257.63939783,0.965583244613977,,0.930392260318315
6.72831460731383,3.78216964383077,354029.0857235,3540069.05935887,0.999972790763501,,0.939226050425053
6.55746233502741,3.68086338917239,351967.448574392,3808140.13307939,1.03421042134424,,0.944854713651324
6.41791594423299,3.57813404060602,347649.897343195,4066066.37927743,1.068032358817,,0.955266979107711
6.30691050527622,3.47851337237807,341615.453237012,4312816.4122633,1.10122346341003,,0.960340689378985
6.22130718974237,3.38513504467142,334329.29124556,4547640.23868447,1.13361167292562,,0.964285452849534
6.15792607437366,3.29997671404283,326179.7537887,4769997.94141888,1.1650611910415,,0.967352864634716
6.1137464665975,3.22411294400631,317483.312137448,4979507.47146602,1.19546548591693,,0.971280946134002
6.08601146328625,3.15794627493741,308493.365563928,5175907.95474337,1.22474071593168,,0.97331236268086
6.07226874624726,3.10140246220003,299410.250259743,5359034.49722667,1.25281988843673,,0.975953729154613
6.07037210278559,3.05408689164486,290390.959850974,5528800.96702412,1.27964786368707,,0.977272001796571
6.07846087301274,3.01540485658007,281557.839690525,5685188.04062108,1.30517720945077,,0.976617754446746
6.09492863543982,2.98465079408125,273005.981330795,5828234.60763839,1.3293648632113,,0.977583544307962
6.11838814000757,2.9610721873422,264809.300919084,5958031.30263798,1.35216954580892,,0.977888090279393
6.14763656466056,2.94391354657428,257025.410945645,6074715.44169623,1.37354987686639,,0.978105283369679
6.18162327911361,2.93244519522147,249699.443003209,6178466.99876498,1.39346315772266,,0.978315379169854
6.21942114018191,2.92598078274968,242866.985520279,6269505.49079618,1.41186480470838,,0.978221823584486
6.26020167366342,2.92388665655453,236556.286556267,6348087.78066962,1.42870842945361,,0.975046653443268
6.30321414183836,2.92558551744691,230789.850247011,6414506.87772182,1.44394656977165,,0.974075312182148
6.34776833180252,2.93055618112192,225585.533188835,6469091.83540506,1.45753207156245,,0.973028714823718
6.39322084718954,2.93833077711921,220957.227389305,6512208.82674264,1.46942010694426,,0.972006700328035
6.43896469136478,2.94849033164456,216915.200928976,6544263.42869882,1.47957078537409,,0.966927114204284
6.48442195918575,2.96065939083397,213466.156664322,6565704.07121961,1.48795227342062,,0.965510222201546
6.52903948389795,2.97450013431357,210613.06307615,6577026.50891297,1.49454428791083,,0.964181552424966
6.57228730014522,2.98970629271519,208354.809292211,6578779.05656612,1.49934177179165,,0.962710324345673
6.61365977309591,3.00599710490174,206685.737666376,6571568.19893756,1.50235851010919,,0.961221433385025
6.65267920128535,3.02311151883327,205595.111075344,6556064.04840867,1.50363040449728,,0.960665532046782
6.68890162529068,3.04080284141232,205066.576994426,6533004.99302281,1.50321810794713,,0.958942244872157
6.72192446910233,3.05883406310902,205077.694848364,6503200.76857128,1.50120873471155,,0.957214229328702
6.75139551504279,3.07697410694676,205599.595312598,6467533.12226475,1.4977164060623,,0.956446445670861
6.77702258121727,3.09499526189683,206596.838350602,6426953.2352613,1.49288146882473,,0.954975670916862
6.79858315289785,3.11267204214052,208027.529250667,6382475.1595199,1.4868683222382,,0.954548451102185
6.81593313920253,3.12978165398211,209843.737796677,6335164.71864388,1.47986189789304,,0.9532290386408
6.82901390686845,3.14610614642819,211992.244930523,6286123.62944682,1.47206294413088,,0.952790484785625
6.83785680188037,3.16143617439494,214415.614976085,6236469.01143742,1.4636823587173,,0.952909159583649
6.84258451563432,3.17557613090267,217053.562063252,6187308.93520394,1.45493488365179,,0.95181662308571
6.84340888031197,3.18835023159232,219844.550192806,6139715.16611516,1.44603251959947,,0.95135642292833
6.84062496864603,3.19960899156372,222727.541306365,6094694.71752438,1.43717803383774,,0.952165551583962
6.83460169380868,3.20923544944223,225643.788461317,6053162.16048966,1.42855892581983,,0.95217067808446
6.82576941544631,3.21715048674173,228538.564500606,6015914.77438705,1.42034217995389,,0.956057531764065
6.81460531707442,3.223316668122,231362.721634854,5983612.51786923,1.41267007759567,,0.956321093606734
6.80161749463821,3.22774018025215,234073.993457652,5956764.44397183,1.40565726202099,,0.956889534217613
6.78732876626137,3.23047065003571,236637.97570583,5935722.61410371,1.39938915592004,,0.957072739550296
6.77226117624468,3.23159884485025,239028.751938074,5920683.86256073,1.3939217284975,,0.957000617486471
6.75692203585209,3.23125246486769,241229.161128658,5911699.03239093,1.38928250921144,,0.956978266552469
6.7417921453855,3.22959040265783,243230.732134587,5908688.6551286,1.38547265937222,,0.95746677999698
6.72731660893981,3.22679595059721,245033.332183285,5911463.57105928,1.3824698516315,,0.958116299631212
6.71389841743364,3.22306947655881,246644.591299707,5919748.73497389,1.38023167718591,,0.958681975250019
6.70189476406891,3.21862106827557,248079.171614165,5933208.43140539,1.37869930217326,,0.959155263968844
6.69161588775201,3.21366357976255,249357.950536025,5951471.29968263,1.3778011237687,,0.959676023870085
6.68332612317145,3.20840641621592,250507.181354905,5974153.8831153,1.37745622461668,,0.959869751695182
6.67724677158929,3.20305028404388,251557.685789315,6000881.79938589,1.37757748168894,,0.960198971346728
6.6735603880019,3.19778302475931,252544.12217817,6031308.0177773,1.37807424336846,,0.960853774542606
6.67241609839773,3.19277655598595,253504.361977112,6065128.07584363,1.37885453967634,,0.961165507345983
6.67393560422797,3.18818486600472,254478.997159584,6102092.34544678,1.37982683105849,,0.961158417377219
6.67821958920232,3.1841429523424,255510.992791431,6142015.65557368,1.38090132966953,,0.961113934572975
6.685354307037,3.18076655907208,256645.492827909,6184784.70048762,1.38199094428973,,0.961092457269926
6.69541819086519,3.17815254893608,257929.783158818,6230363.71839941,1.38301190776903,,0.961050172649635
6.70848838090203,3.1763797412487,259413.41398479,6278798.93343006,1.38388414660508,,0.961008720681872
6.72464711376275,3.17551005063023,261148.483515576,6330222.22771104,1.38453144831332,,0.96072085697254
6.74398795313924,3.17558977103637,263190.086463467,6384854.4644539,1.38488147570695,,0.96055004764734
6.76662186688073,3.17665086088125,265596.933587112,6443008.82700595,1.38486566969817,,0.960138676316899
6.79268316992159,3.17871209557749,268432.152374313,6505094.48022537,1.38441907494032,,0.963771479182819
6.82233535605298,3.18177996149563,271764.283619578,6571620.80276846,1.38348011634327,,0.963405055898495
6.85577683407342,3.18584916881551,275668.493955649,6643202.38319084,1.38199034970022,,0.962679957321165
6.89324656463771,3.19090265930133,280228.030130654,6720564.91793014,1.379894206631,,0.962248982462882
6.93502956159248,3.196910978683,285535.946720917,6804552.09206953,1.37713875288563,,0.960647761447067
6.98146217313793,3.20383087292698,291697.144646391,6896133.45923778,1.37367347975856,,0.959673706401043
7.03293698997809,3.21160295525114,298830.762703862,6996413.25822064,1.36945015083673,,0.95909296770291
7.08990713463531,3.22014827999263,307072.96739466,7106640.00212211,1.36442273033083,,0.957497367119635
7.15288956212118,3.22936365657507,316580.186119266,7228216.54070897,1.35854742446251,,0.956714768508
7.22246684048653,3.23911555164875,327532.823127848,7362710.11595979,1.35178287323625,,0.954774329797691
7.29928667464116,3.24923247480691,340139.483271368,7511861.69254571,1.34409053554687,,0.952964804727608
7.38405818615625,3.25949584444097,354641.701232994,7677593.53876595,1.33543531467915,,0.956074556583581
7.47754367207065,3.26962951421283,371319.127933778,7862013.65567844,1.32578647200424,,0.952905520617071
7.58054426013217,3.27928844336444,390495.054661596,8067415.21340127,1.31511887154753,,0.951205254755974
7.69387760784838,3.28804745475681,412542.052740416,8296268.69057225,1.30341458383768,,0.948869463529936
7.8183456531615,3.29539167408519,437887.368274464,8551204.00507268,1.29066485017921,,0.946975948786431
7.95469056980945,3.30071108200132,467017.540497692,8834979.71240539,1.27687236424206,,0.947116376205561
8.10353773253138,3.30330256728029,500481.524945186,9150436.5509501,1.2620537636512,,0.944864291537647
8.26532593063439,3.30238374637688,538891.437856163,9500433.524608,1.24624214011518,,0.940890778907634
8.44022754490025,3.29712322752102,582919.965329965,9887766.6595013,1.22948927859056,,0.937341108445313
8.62806502751593,3.2866913440871,633293.600797859,10315073.7964639,1.21186723970388,,0.938877864539267
8.82823451102887,3.27033292077706,690781.302560486,10784733.2381574,1.19346883327159,,0.934079202359853
9.03965176534548,3.24745876682002,756178.98035566,11298769.1413695,1.174406534113,,0.928229719950841
9.26073824404636,3.21774539832788,830291.389589475,11858780.8106558,1.15480950778203,,0.928873265240459
9.48946326650636,3.18122443954325,913914.287132619,12465914.3389368,1.13481867159543,,0.923464275488946
9.72345049158099,3.1383374695831,1007820.59237262,13120891.0626341,1.11458010187196,,0.916054752371141
9.96014269245624,3.0899331125573,1112754.18620005,13824096.9286304,1.09423753345106,,0.91191747369032
10.197001702582,3.03719415635332,1229433.44761805,14575721.6377737,1.07392504146008,,0.910056435275829
10.431706737127,2.98150241376112,1358563.84632657,15375921.1136619,1.05376108907697,,0.905221825295174
10.6623111591398,2.92427085587761,1500855.83090077,16224968.0433476,1.03384487326871,,0.898360310602094
10.8873285014799,2.86678547267446,1657042.27524728,17123357.9438185,1.01425534670614,,0.89576489481797
11.1057397383608,2.81009534828374,1827889.92460897,18071852.3301083,0.995052630186701,,0.892286763571635
11.3169362852369,2.75496969229302,2014201.58272578,19071460.1426071,0.976281011731369,,0.883556373655237
11.5206273452738,2.7019155408824,2216809.01845992,20123374.9523041,0.957972539756494,,0.883597844395396
11.716741517858,2.65123237463542,2436559.15384095,21228892.290334,0.94015037407739,,0.878277630812475
11.905343599671,2.6030765526617,2674297.03156278,22389328.1251437,0.922831418887925,,0.869118127011715
12.0865750093798,2.55751653016202,2930848.43129908,23605950.4187325,0.906028131110669,,0.86291200911033
12.2606164337449,2.51457147008011,3207003.65527942,24879926.5617104,0.889749639180983,,0.865100972460358
12.4276666836465,2.47423448206514,3503502.82027178,26212283.9070377,0.874002391751934,,0.856501669247996
12.587931460358,2.43648522121502,3821022.39427449,27603879.0028905,0.858790532067006,,0.850331683460093
12.7416174663698,2.40129638966587,4160162.63334287,29055371.9173597,0.844116130064516,,0.846557849428132
12.8889292092873,2.3686371362628,4521435.734415,30567203.5218275,0.829979346217873,,0.844233869111173
13.0300671689792,2.33847493350464,4905254.70425864,32139574.7954584,0.81637856383105,,0.840112013441033
13.1652267070035,2.31077665764146,5311923.0650542,33772427.9190832,0.803310507110209,,0.831598436461516
13.2945974233618,2.28550919123392,5741625.57278131,35465429.2740424,0.790770353378233,,0.827382006262702
13.4183628072489,2.26263969749061,6194420.13954266,37217954.6170553,0.778751843724494,,0.827938717508829
13.5367000928682,2.24213564657967,6670231.14412519,39029076.7669356,0.767247394340555,,0.824468865888726
13.6497802639734,2.22396464474413,7168844.29598501,40897556.1572364,0.756248209605982,,0.815569918908546
13.7577681689052,2.20809410443193,7689903.19057003,42821834.5970601,0.745744397212171,,0.814003362883469
13.8608227184785,2.1944907891093,8232907.66055738,44800032.5466754,0.735725085071135,,0.814815392495531
13.9590971454212,2.18312026594114,8797213.98975072,46829950.1588792,0.726178539372533,,0.811881802555839
14.05273930803,2.17394630064585,9382037.01559775,48909072.264577,0.717092282885311,,0.803857281693198
14.1418920234034,2.1669302298481,9986454.10416827,51034577.3955852,0.70845321242688,,0.798102069620721
14.2266934177354,2.16203034601102,10609410.939631,53203350.8433862,0.700247714327455,,0.796874903138921
14.3072772830724,2.15920132793529,11249729.0303823,55412001.6540237,0.692461776689353,,0.795375157422775
14.383773431785,2.15839374580363,11906114.7974447,57656883.361036,0.685081097272179,,0.79738896114406
14.4563080417907,2.15955366418483,12577170.0787575,59934118.1646301,0.678091185916878,,0.792217658078038
14.5250039871993,2.16262235989946,13261403.8564162,62239624.1800783,0.671477460546455,,0.786360617747287
14.5899811504514,2.16753616485805,13957244.9933724,64569145.3049009,0.665225335939482,,0.788463874578876
14.6513567131492,2.1742264374864,14663055.7518874,66918283.1954178,0.659320304654131,,0.785650753790133
14.7092454236238,2.18261966055897,15377145.8582081,69282530.8006023,0.653748009674642,,0.783316263049094
14.7637598398993,2.192637658392,16097786.8763367,71657306.8759498,0.6484943085483,,0.787937309071754
14.8150105471581,2.20419792248127,16823226.6580769,74037990.8925625,0.643545328969571,,0.783370899806854
14.8631063491609,2.21721403178874,17551703.6462437,76419957.7663405,0.638887515941168,,0.778357589712905
14.9081544333733,2.23159615192551,18281460.8224054,78798611.8578156,0.634507670793593,,0.780612813622935
14.9502605098441,2.24725159636566,19010759.1090278,81169419.7328963,0.630392982471463,,0.777666360080892
14.9895289241795,2.26408543246781,19737890.0575987,83527941.2262737,0.626531051594974,,0.778469277723905
15.0260627452594,2.28200111538948,20461187.6783573,85869858.4098061,0.622909907878201,,0.773662256718646
15.0599638286481,2.30090113385155,21179039.2927693,88191002.1350499,0.61951802153396,,0.771704654205636
15.0913328569378,2.32068765303885,21889895.3160346,90487375.8894683,0.616344309319973,,0.776157218837046
15.1202693585264,2.34126314159152,22592277.9029131,92755176.7770787,0.613378135885985,,0.772968927720037
15.1468717065552,2.36253097153248,23284788.4153134,94990813.5040556,0.610609311069546,,0.771563228093831
15.1712370999118,2.384395981977,23966113.6938206,97190921.3160451,0.608028083762659,,0.769276297718947
15.1934615283391,2.40676499948005,24635031.1371723,99352373.8950538,0.605625132935605,,0.771135831114186
15.213639723773,2.42954730981016,25290412.613269,101472292.278504,0.603391556360941,,0.770460397949706
15.2318651000768,2.45265507773263,25931227.2423778,103548050.910571,0.601318857532577,,0.767211665842653
15.2482296833321,2.47600371299166,26556543.1076336,105577280.975771,0.599398931224221,,0.768939164208647
15.2628240348084,2.49951218207701,27165527.9597093,107557871.196814,0.597624048080248,,0.76736692303519
15.2757371686604,2.52310326653321,27757448.9916681,109487966.3031,0.595986838581733,,0.765604289077729
15.2870564662963,2.54670376952231,28331671.7666358,111365963.393369,0.594480276682122,,0.763730091625513
15.2968675892424,2.57024467309574,28887658.3852156,113190506.426333,0.593097663361676,,0.762952011058198
15.3052543921798,2.59366124918512,29424964.9817097,114960479.077432,0.591832610308021,,0.762448396974666
15.3122988376813,2.61689312770885,29943238.6384639,116674996.198869,0.590679023892125,,0.769779325529576
15.3180809140081,2.63988432543391,30442213.8062504,118333394.114519,0.589631089574996,,0.770710375404047
15.3226785571614,2.66258323935319,30921708.3158211,119935219.972074,0.588683256850409,,0.769785744374712
15.3261675782144,2.68494260836186,31381619.061843,121480220.362592,0.587830224802746,,0.767290858909225
15.3286215967826,2.70691944695987,31821917.435622,122968329.403188,0.587066928336515,,0.767143368038119
15.3301119813323,2.72847495459164,32242644.5775481,124399656.46257,0.586388525114951,,0.766499196811867
15.3307077968694,2.74957440407174,32643906.5142739,125774473.692198,0.585790383229015,,0.769602099793182
15.3304757604056,2.77018701235171,33025869.2394449,127093203.508374,0.585268069604781,,0.770174766765761
15.3294802044671,2.79028579666781,33388753.7905002,128356406.1531,0.584817339146341,,0.769360775865415
15.3277830487808,2.80984741888195,33732831.3677964,129564767.444462,0.584434124602586,,0.769478420696249
15.3254437801659,2.82885202059414,34058418.5361865,130719086.810778,0.584114527139357,,0.768882976182377
15.3225194405545,2.84728305137238,34365872.5433003,131820265.687116,0.583854807593106,,0.770764372408458
15.3190646229784,2.86512709221567,34655586.7832051,132869296.338218,0.583651378378241,,0.771176536712553
15.3151314752829,2.88237367614496,34927986.4289116,133867251.158363,0.583500796017419,,0.770311854593326
15.3107697112617,2.89901510760409,35183524.2523845,134815272.486455,0.583399754262102,,0.771956690340069
15.3060266288552,2.9150462821519,35422676.6463257,135714562.963593,0.58334507776946,,0.771949145691571
15.3009471350104,2.930464507738,35645939.8580425,136566376.450583,0.583333716301086,,0.772122632409597
15.2955737767679,2.94526932867883,35853826.4421826,137372009.514261,0.58336273940888,,0.771908679339129
15.2899467781139,2.95946235328756,36046861.93601,138132793.484058,0.583429331573651,,0.772109214251544
15.2841040821233,2.9730470859617,36225581.7581885,138850087.073905,0.583530787762585,,0.771729079243028
15.2780813979074,2.98602876439549,36390528.3297204,139525269.559248,0.583664509372461,,0.771060375965635
15.2719122518767,2.99841420245908,36542248.4137164,140159734.494575,0.583828000526424,,0.77099181861306
15.2656280428364,3.01021163917436,36681290.669043,140754883.953329,0.584018864693229,,0.771450092597168
15.2592581004341,3.02143059411605,36808203.4115555,141312123.269345,0.58423480159897,,0.771202627809005
15.2528297464974,3.03208172947594,36923532.5755653,141832856.256879,0.584473604402589,,0.771339184621982
15.2463683588094,3.04217671894805,37027819.8673722,142318480.884864,0.584733157107671,,0.771570179331198
15.2398974368919,3.05172812352184,37121601.102088,142770385.380104,0.58501143218438,,0.771765067423798
15.2334386693847,3.06074927420806,37205404.714566,143189944.733636,0.585306488376666,,0.771522391004409
15.2270120026335,3.06925416166829,37279750.4349982,143578517.584454,0.585616468671244,,0.771698164778242
15.2206357101197,3.07725733267274,37345148.1196317,143937443.455007,0.585939598406148,,0.772359088965786
15.2143264623921,3.08477379327089,37402096.7270604,144268040.313413,0.586274183498051,,0.772755979005998
15.2080993971835,3.09181891852693,37451083.4306552,144571602.438079,0.586618608768822,,0.772755979005998
15.2019681894216,3.09840836864333,37492582.8578751,144849398.561294,0.586971336353203,,0.772729884153052
15.195945120865,3.10455801127417,37527056.4474571,145102670.26944,0.587330904170772,,0.773526248671007
15.1900411491232,3.11028384981117,37554951.9157726,145332630.638539,0.587695924446709,,0.77379676525155
15.1842659758397,3.11560195741203,37576702.8239834,145540463.085095,0.58806508226722,,0.773945689832649
15.1786281138411,3.12052841652999,37592728.2379857,145727320.413388,0.588437134156752,,0.774642962300428
15.1731349530777,3.12507926369674,37603432.4735177,145894324.041611,0.588810906665457,,0.774466789600019
15.1677928251999,3.12927043930677,37609204.9191963,146042563.390493,0.58918529495664,,0.774804664770271
15.1626070666364,3.13311774214903,37610419.9306437,146173095.41924,0.58955926138517,,0.774873550795198
15.1575820800576,3.13663678843283,37607436.7892604,146286944.294809,0.589931834059083,,0.775144961660064
15.1527213941244,3.13984297505662,37600599.7195896,146385101.181657,0.590302105377798,,0.775414677511027
15.1480277214419,3.14275144687243,37590237.9595985,146468524.140181,0.590669230541543,,0.7753092234094
15.1435030146478,3.14537706770362,37576665.8785685,146538138.123088,0.591032426027717,,0.7753092234094
15.1391485205842,3.14773439488002,37560183.1376438,146594835.059878,0.591390968030986,,0.775867880413108
15.1349648325111,3.14983765706131,37541074.8884252,146639474.020535,0.591744190864958,,0.776346469146892
15.1309519403332,3.15170073512746,37519612.0053208,146672881.450317,0.592091485324272,,0.776346469146892
15.1271092788224,3.15333714592314,37496051.3476716,146695851.468329,0.592432297006824,,0.776894795212634
15.123435773827,3.1547600286519,37470636.0479638,146709146.223234,0.592766124596758,,0.777161925626519
15.1199298864699,3.1559821337245,37443595.8227081,146713496.300104,0.593092518109609,,0.777645966413598
15.116589655343,3.15701581387504,37415147.3028317,146709601.172986,0.593411077101736,,0.778185407790228
15.1134127367156,3.15787301736785,37385494.3806634,146698129.698282,0.593721448846821,,0.778832458566608
15.1103964427782,3.15856528312666,37354828.5708249,146679720.64448,0.594023326482797,,0.779106334784809
15.1075377779495,3.15910373762705,37323329.3825511,146654983.254232,0.594316447133096,,0.779546954096677
15.1048334732814,3.15949909340185,37291164.7011608,146624497.835101,0.594600590006505,,0.779789113304896
15.1022800189977,3.15976164901778,37258491.1765858,146588816.375646,0.594875574480311,,0.779789113304896
15.0998736952095,3.15990129039,37225454.6170378,146548463.183801,0.595141258171687,,0.780046059793466
15.0976106008495,3.15992749330945,37192190.3860567,146503935.544743,0.595397535002494,,0.780298745001229
15.0954866808757,3.15984932706575,37158823.8013312,146455704.395678,0.595644333262814,,0.780252230222515
15.0934977517911,3.15967545905557,37125470.5338255,146404215.015166,0.595881613678613,,0.7803797084993
15.0916395255321,3.15941416027428,37092237.0058767,146349887.724745,0.596109367488943,,0.7803797084993
15.0899076317792,3.15907331159471,37059220.787049,146293118.600815,0.596327614538065,,0.7803797084993
15.088297638742,3.15866041074412,37026510.9866452,146234280.194818,0.596536401387751,,0.7803797084993
15.0868050724755,3.15818257989615,36994188.6418832,146173722.259879,0.596735799454906,,0.780939994043987
15.0854254347816,3.15764657380073,36962327.1008438,146111772.482198,0.596925903179423,,0.780952038601355
15.0841542197519,3.15705878838009,36930992.3993885,146048737.215522,0.597106828226977,,0.781129035932862
15.0829869290073,3.15642526972484,36900243.6313355,145984902.21715,0.597278709731179,,0.781185633297167
15.0819190856906,3.15575172342815,36870133.3112585,145920533.383959,0.597441700579205,,0.781846052115905
15.0809462472651,3.15504352420149,36840707.7293524,145855877.487041,0.597595969744717,,0.781846052115905
15.080064017177,3.15430572571925,36812007.2978802,145791162.903568,0.597741700671493,,0.781846052115905
15.0792680554316,3.15354307064358,36784066.8887775,145726600.344584,0.597879089710892,,0.782058237407015
15.0785540881404,3.15276000078515,36756916.1620592,145662383.577471,0.598008344615847,,0.782058237407015
15.0779179160874,3.15196066735822,36730579.8847239,145598690.141902,0.598129683093732,,0.782253996315905
15.0773554223684,3.15114894129249,36705078.2399085,145535682.058128,0.598243331420078,,0.782253996315905
15.0768625791517,3.15032842356702,36680427.1260959,145473506.526526,0.598349523114707,,0.782253996315905
15.0764354536104,3.14950245553425,36656638.4462221,145412296.617386,0.59844849768152,,0.782714889289826
15.0760702130715,3.14867412920527,36633720.386575,145352171.949948,0.598540499412789,,0.782714889289826
15.0757631294306,3.14784629746953,36611677.6854149,145293239.3598,0.59862577625846,,0.782714889289826
15.0755105828752,3.1470215842252,36590511.8912861,145235593.55377,0.598704578760664,,0.782714889289826
15.0753090649606,3.14620239439773,36570221.6110207,145179317.751524,0.598777159053281,,0.782714889289826
15.0751551810807,3.14539092382716,36550802.7474681,145124484.313141,0.598843769926144,,0.782714889289826
15.0750456523735,3.14458916900616,36532248.7270137,145071155.351985,0.598904663953166,,0.782714889289826
15.0749773171015,3.14379893665237,36514550.7169758,145019383.332278,0.598960092683428,,0.783080264636799
15.0749471315432,3.14302185310108,36497697.8329933,144969211.65082,0.599010305894048,,0.783080264636799
15.0749521704338,3.14225937350504,36481677.3365396,144920675.202376,0.599055550903414,,0.783080264636799
15.0749896269877,3.1415127908303,36466474.8227191,144873800.928303,0.599096071943202,,0.782808066116566
15.0750568125375,3.14078324463794,36452074.3985182,144828608.348066,0.599132109587423,,0.782808066116566
15.0751511558212,3.14007172964329,36438458.8516999,144785110.073336,0.599163900236595,,0.783043478067383
15.0752702019476,3.13937910404495,36425609.8105474,144743312.304431,0.599191675655046,,0.783293106740888
15.0754116110686,3.13870609761763,36413507.8946696,144703215.308927,0.599215662559202,,0.783293106740888
15.0755731567874,3.13805331956344,36402132.8570982,144664813.882304,0.599236082254689,,0.783380430989449
15.0757527243266,3.13742126611758,36391463.7179112,144628097.790562,0.599253150319978,,0.783380430989449
15.0759483084841,3.13681032790511,36381478.8896273,144593052.194797,0.599267076334285,,0.783380430989449
15.0761580113969,3.1362207970467,36372156.2946228,144559658.057755,0.599278063647385,,0.783531488629887
15.0763800401387,3.13565287401148,36363473.4748263,144527892.532471,0.599286309189025,,0.783531488629887
15.0766127041694,3.13510667421681,36355407.6939528,144497729.333097,0.599292003315578,,0.783531488629887
15.0768544126581,3.13458223437438,36347936.0325388,144469139.088104,0.599295329691643,,0.783531488629887
15.077103671698,3.1340795185839,36341035.4760463,144442089.676072,0.59929646520429,,0.783531488629887
15.0773590814302,3.13359842417524,36334682.9963005,144416546.544311,0.599295579907707,,0.783531488629887
15.0776193330937,3.13313878730127,36328855.6265277,144392473.010599,0.599292836996039,,0.783531488629887
15.0778832060157,3.13270038828363,36323530.5302602,144369830.548362,0.599288392802277,,0.783445311228268
15.0781495645583,3.13228295671442,36318685.0643729,144348579.055624,0.59928239682111,,0.783445311228268
15.0784173550335,3.13188617631731,36314296.8365115,144328677.10812,0.59927499175373,,0.783445311228268
15.0786856025988,3.13150968957176,36310343.7571747,144310082.196954,0.599266313572629,,0.783445311228268
15.0789534081466,3.13115310210461,36306804.0867043,144292750.951217,0.599256491604542,,0.783445311228268
15.079219945196,3.13081598685373,36303656.4774355,144276639.346008,0.599245648629737,,0.783306392713876
15.0794844567972,3.13049788800822,36300880.0112556,144261702.896301,0.59923390099594,,0.783306392713876
15.0797462524588,3.13019832473086,36298454.2328132,144247896.837113,0.59922135874529,,0.783306392713876
15.080004705104,3.12991679466765,36296359.1786148,144235176.290465,0.599208125752766,,0.783306392713876
15.0802592480644,3.12965277725037,36294575.402242,144223496.419593,0.599194299874648,,0.783306392713876
15.0805093721185,3.12940573679799,36293083.9959135,144212812.57091,0.599179973105619,,0.783306392713876
15.0807546225789,3.1291751254226,36291866.6086127,144203080.404202,0.599165231743243,,0.783306392713876
15.0809945964364,3.12896038574632,36290905.4609939,144194256.011552,0.599150156558596,,0.783306392713876
15.0812289395632,3.12876095343498,36290183.3572742,144186296.025484,0.599134822971918,,0.783306392713876
15.0814573439808,3.12857625955527,36289683.6943107,144179157.716809,0.599119301232245,,0.783306392713876
15.0816795451964,3.12840573276135,36289390.4680566,144172799.082671,0.599103656600044,,0.783306392713876
15.0818953196097,3.12824880131747,36289288.277583,144167178.925264,0.599087949531939,,0.783306392713876
15.0821044819943,3.12810489496297,36289362.3268459,144162256.921702,0.599072235866703,,0.783306392713876
15.0823068830551,3.12797344662597,36289598.4243697,144157993.685501,0.59905656701175,,0.783306392713876
15.0825024070631,3.12785389399221,36289982.9810154,144154350.820144,0.599040990129414,,0.783306392713876
15.0826909695702,3.12774568093536,36290503.005989,144151290.965169,0.599025548322401,,0.783306392713876
15.0828725152044,3.12764825881495,36291146.1012452,144148777.835227,0.5990102808178,,0.783306392713876
15.0830470155456,3.12756108764824,36291900.4544285,144146776.252528,0.598995223149163,,0.78325460431272
15.0832144670831,3.12748363716222,36292754.8304918,144145252.17311,0.598980407336146,,0.78325460431272
15.0833748892555,3.1274153877315,36293698.5621227,144144172.707309,0.598965862061325,,0.78325460431272
15.0835283225706,3.12735583120834,36294721.5391038,144143506.134857,0.598951612843779,,0.78325460431272
15.0836748268078,3.12730447165036,36295814.1967242,144143221.914951,0.598937682209135,,0.78325460431272
15.0838144793,3.12726082595175,36296967.5033552,144143290.691683,0.598924089855772,,0.78325460431272
15.0839473732951,3.12722442438351,36298172.9472958,144143684.295179,0.59891085281693,,0.78325460431272
15.0840736163968,3.12719481104811,36299422.5229883,144144375.738773,0.598897985618528,,0.78325460431272
15.0841933290815,3.12717154425369,36300708.716698,144145339.212556,0.59888550043249,,0.78325460431272
15.0843066432924,3.1271541968133,36302024.4917445,144146550.073609,0.598873407225442,,0.78325460431272
15.084413701107,3.12714235627359,36303363.2733695,144147984.833197,0.598861713902657,,0.78325460431272
15.0845146534785,3.12713562507819,36304718.9333161,144149621.141243,0.598850426447156,,0.78325460431272
15.0846096590471,3.12713362067021,36306085.7741937,144151437.768317,0.598839549053895,,0.78325460431272
15.0846988830217,3.12713597553825,36307458.5136947,144153414.585416,0.598829084258997,,0.78325460431272
15.0847824961286,3.1271423372104,36308832.2687262,144155532.541776,0.598819033063996,,0.78325460431272
15.0848606736256,3.12715236820023,36310202.5395136,144157773.640943,0.598809395055103,,0.78325460431272
15.0849335943796,3.1271657459087,36311565.1937299,144160120.915314,0.598800168517485,,0.783005183752657
15.0850014400057,3.1271821624859,36312916.4506996,144162558.399369,0.598791350544612,,0.783005183752657
15.0850643940655,3.12720132465614,36314252.865722,144165071.101776,0.598782937142686,,0.783005183752657
15.0851226413229,3.12722295350984,36315571.314555,144167644.97655,0.598774923330236,,0.783005183752657
15.0851763670543,3.1272467842656,36316868.9780961,144170266.893435,0.598767303232917,,0.783005183752657
15.0852257564123,3.12727256600548,36318143.3272949,144172924.607681,0.598760070173621,,0.783005183752657
15.08527099384,3.12730006138651,36319392.1083267,144175606.729343,0.598753216757963,,0.783005183752657
15.0853122625339,3.12732904633125,36320613.3280548,144178302.692253,0.598746734955246,,0.783005183752657
15.0853497439535,3.1273593097,36321805.2398045,144181002.722794,0.598740616175009,,0.783005183752657
15.085383617375,3.1273906529472,36322966.3294711,144183697.80858,0.598734851339264,,0.783005183752657
15.0854140594874,3.12742288976447,36324095.3019788,144186379.667174,0.598729430950537,,0.783005183752657
15.0854412440292,3.12745584571231,36325191.0681076,144189040.714913,0.59872434515582,,0.783005183752657
15.0854653414631,3.12748935784271,36326252.7317001,144191674.035965,0.59871958380658,,0.783005183752657
15.0854865186869,3.1275232743146,36327279.5772607,144194273.351676,0.598715136514919,,0.783005183752657
15.0855049387789,3.12755745400376,36328271.0579543,144196832.99029,0.598710992706037,,0.783005183752657
15.0855207607759,3.12759176610926,36329226.7840137,144199347.857122,0.598707141667111,,0.783005183752657
15.0855341394812,3.1276260897575,36330146.5115583,144201813.405224,0.598703572592726,,0.783005183752657
15.0855452253022,3.12766031360584,36331030.1318293,144204225.60662,0.598700274626989,,0.783005183752657
15.0855541641142,3.12769433544659,36331877.6608417,144206580.924146,0.598697236902446,,0.783005183752657
15.0855610971504,3.12772806181316,36332689.2294552,144208876.283937,0.598694448575953,,0.783005183752657
15.0855661609144,3.12776140758901,36333465.0738605,144211109.048613,0.598691898861604,,0.783005183752657
15.0855694871164,3.12779429562072,36334205.5264804,144213276.991172,0.598689577060867,,0.783005183752657
15.0855712026282,3.12782665633601,36334911.0072815,144215378.269643,0.598687472590038,,0.783005183752657
15.0855714294584,3.12785842736756,36335582.0154925,144217411.402498,0.598685575005152,,0.783005183752657
15.0855702847452,3.12788955318342,36336219.1217221,144219375.244863,0.598683874024465,,0.783005183752657
15.0855678807647,3.12791998472454,36336822.9604727,144221268.965524,0.598682359548627,,0.783005183752657
15.085564324955,3.12794967905032,36337394.2230398,144223092.024748,0.598681021678676,,0.783005183752657
15.0855597199532,3.12797859899236,36337933.6507916,144224844.152923,0.598679850731959,,0.783005183752657
15.0855541636459,3.12800671281707,36338442.0288197,144226525.330025,0.598678837256094,,0.783005183752657
15.0855477492298,3.12803399389755,36338920.179951,144228135.765907,0.598677972041088,,0.783005183752657
15.0855405652836,3.12806042039488,36339368.9591129,144229675.881411,0.598677246129723,,0.783005183752657
15.0855326958482,3.12808597494933,36339789.2480416,144231146.290296,0.598676650826297,,0.783005183752657
15.0855242205163,3.12811064438156,36340181.9503221,144232547.781982,0.598676177703844,,0.783005183752657
15.0855152145278,3.12813441940397,36340547.9867513,144233881.305092,0.598675818609916,,0.783005183752657
15.0855057488727,3.12815729434248,36340888.2910132,144235147.95179,0.598675565671028,,0.783005183752657
15.0854958903994,3.12817926686859,36341203.805654,144236348.942898,0.598675411295855,,0.783005183752657
15.0854857019269,3.12820033774197,36341495.4783479,144237485.613773,0.598675348177273,,0.783005183752657
15.0854752423625,3.12822051056344,36341764.2584426,144238559.40094,0.598675369293329,,0.783005183752657
15.0854645668214,3.1282397915384,36342011.0937719,144239571.82946,0.598675467907214,,0.783005183752657
15.0854537267498,3.12825818925062,36342236.9277261,144240524.50101,0.598675637566334,,0.783005183752657
15.0854427700501,3.12827571444621,36342442.6965688,144241419.082662,0.598675872100529,,0.783005183752657
15.0854317412071,3.12829237982785,36342629.3269885,144242257.296341,0.598676165619542,,0.783005183752657
15.0854206814153,3.12830819985894,36342797.7338756,144243040.908944,0.598676512509783,,0.783005183752657
15.0854096287076,3.12832319057759,36342948.8183125,144243771.723091,0.598676907430459,,0.783005183752657
15.0853986180824,3.12833736942035,36343083.4657682,144244451.568504,0.598677345309145,,0.783005183752657
15.0853876816317,3.12835075505533,36343202.5444855,144245082.293968,0.598677821336837,,0.783005183752657
15.0853768486681,3.12836336722456,36343306.9040511,144245665.759883,0.59867833096255,,0.783005183752657
15.0853661458501,3.12837522659548,36343397.3741397,144246203.831354,0.598678869887526,,0.783005183752657
15.085355597307,3.12838635462107,36343474.7634212,144246698.371821,0.598679434059078,,0.783005183752657
15.0853452247611,3.12839677340867,36343539.8586218,144247151.237201,0.59868001966414,,0.783005183752657
15.0853350476485,3.12840650559701,36343593.4237303,144247564.27051,0.598680623122558,,0.783005183752657
15.0853250832379,3.12841557424122,36343636.1993404,144247939.296961,0.598681241080158,,0.783005183752657
15.0853153467461,3.12842400270577,36343668.9021202,144248278.119501,0.598681870401646,,0.783005183752657
15.085305851452,3.12843181456469,36343692.2244012,144248582.514774,0.598682508163358,,0.783005183752657
